sku,title,description,condition,cost,estimated retail,price,link,thumbnail link,date bought,company,location bought,auction date,category,subcategory,tags,season,quantity
100001,DeWalt 20V MAX Cordless Drill Kit,Drill/driver with two lithium-ion batteries and charger. Lightly used.,Open box,42.00,189.99,129.99,https://example.com/lots/100001,https://example.com/img/100001.jpg,3/5/2026,DeWalt Returns,Chicago IL,2/28/2026 - 3/3/2026,Tools,"Power Tools, Drills","dewalt, cordless, heavy",All Season,1
100002,Ninja Professional Blender 1000W,72 oz pitcher with Total Crushing blades. Box opened but unused.,New,28.50,119.99,79.99,https://example.com/lots/100002,https://example.com/img/100002.jpg,3/5/2026,DeWalt Returns,Chicago IL,2/28/2026 - 3/3/2026,Kitchen,"Small Appliances, Blenders","kitchen, ninja",All Season,1
100003,Patio Umbrella 9ft Beige,Aluminium pole with crank tilt. Fabric has minor fading.,Used,15.00,89.99,,https://example.com/lots/100003,,3/5/2026,DeWalt Returns,Chicago IL,2/28/2026 - 3/3/2026,Outdoor,"Patio, Shade","summer, bulky",Summer,2
100004,Christmas Tree 7.5ft Pre-Lit,Warm white LEDs. Two sections. One strand is out.,Damaged,22.00,159.99,69.99,https://example.com/lots/100004,https://example.com/img/100004.jpg,3/5/2026,DeWalt Returns,Chicago IL,2/28/2026 - 3/3/2026,Seasonal,"Holiday, Trees","christmas, bulky",Winter,1
100005,Instant Pot Duo 6qt,Seven-in-one pressure cooker. Sealing ring missing.,Open box,19.00,99.95,59.99,https://example.com/lots/100005,,3/12/2026,Target Liquidation,Milwaukee WI,3/8/2026 - 3/11/2026,Kitchen,"Small Appliances, Pressure Cookers","instant pot, kitchen",All Season,1
100006,Men's Winter Parka XL Navy,Insulated with removable hood. Tags attached.,New,31.00,229.00,149.00,https://example.com/lots/100006,https://example.com/img/100006.jpg,3/12/2026,Target Liquidation,Milwaukee WI,3/8/2026 - 3/11/2026,Apparel,"Outerwear, Coats","mens, winter",Winter,1
100007,Assorted Garden Hand Tools,"Mixed lot of trowels, cultivators and pruners.",Used,8.00,,24.99,https://example.com/lots/100007,,3/12/2026,Target Liquidation,Milwaukee WI,3/8/2026 - 3/11/2026,Outdoor,"Garden, Hand Tools","garden, lot, spring",Spring,12
100008,Samsung 43in 4K Smart TV,Crystal UHD. Screen cracked in the lower left corner.,Damaged,45.00,329.99,,https://example.com/lots/100008,https://example.com/img/100008.jpg,3/12/2026,Target Liquidation,Milwaukee WI,3/8/2026 - 3/11/2026,Electronics,"TVs, Smart TVs","samsung, parts, fragile",All Season,1
100009,Pool Noodles Bulk Pack,Twenty assorted colours. Factory sealed.,New,6.00,39.99,19.99,https://example.com/lots/100009,,4/2/2026,Summer Closeouts,Indianapolis IN,3/29/2026,Outdoor,"Pool, Floats","summer, bulk",Summer,20
100010,KitchenAid Stand Mixer 5qt Red,Tilt-head with bowl and three attachments. Lightly scuffed.,Used,96.00,449.99,329.99,https://example.com/lots/100010,https://example.com/img/100010.jpg,4/2/2026,Summer Closeouts,Indianapolis IN,3/29/2026,Kitchen,"Small Appliances, Mixers","kitchenaid, premium",All Season,1
100011,Halloween Inflatable Ghost 8ft,Self-inflating with internal LEDs. Blower untested.,Open box,13.00,79.99,,https://example.com/lots/100011,,4/2/2026,Summer Closeouts,Indianapolis IN,3/29/2026,Seasonal,"Holiday, Inflatables","halloween, bulky",Fall,1
100012,Nike Running Shoes Men's 10.5,"Pegasus. Worn once, original box included.",Used,24.00,139.99,89.99,https://example.com/lots/100012,https://example.com/img/100012.jpg,4/2/2026,Summer Closeouts,Indianapolis IN,3/29/2026,Apparel,"Footwear, Athletic","nike, mens",All Season,1
100013,Craftsman Socket Set 85pc,"Metric and SAE in a blow-moulded case. Four sockets missing.",Used,17.50,89.99,44.99,https://example.com/lots/100013,,4/18/2026,Midwest Pallet Co,Columbus OH,4/14/2026 - 4/17/2026,Tools,"Hand Tools, Sockets","craftsman, incomplete",All Season,1
100014,Beach Towels Case of 24,"Cotton terry, assorted stripes. Case unopened.",New,34.00,239.76,119.99,https://example.com/lots/100014,https://example.com/img/100014.jpg,4/18/2026,Midwest Pallet Co,Columbus OH,4/14/2026 - 4/17/2026,Home,"Linens, Towels","summer, bulk, case",Summer,24
100015,Dyson V8 Cordless Vacuum,Battery holds a charge. No wall dock included.,Used,88.00,399.99,249.99,https://example.com/lots/100015,https://example.com/img/100015.jpg,4/18/2026,Midwest Pallet Co,Columbus OH,4/14/2026 - 4/17/2026,Home,"Vacuums, Cordless","dyson, premium",All Season,1
100016,Snow Shovel Steel Blade,Ergonomic handle. Blade slightly bent at the edge.,Used,0.00,29.99,12.99,https://example.com/lots/100016,,4/18/2026,Midwest Pallet Co,Columbus OH,4/14/2026 - 4/17/2026,Outdoor,"Snow Removal, Shovels","winter, cheap",Winter,3
100017,Lego Classic Creative Bricks,Box opened and resealed. Piece count unverified.,Open box,11.00,59.99,34.99,https://example.com/lots/100017,https://example.com/img/100017.jpg,5/6/2026,Northside Auctions,Detroit MI,5/2/2026 - 5/5/2026,Toys,"Building Sets, Lego","lego, kids",All Season,1
100018,Patio String Lights 48ft,Two strands of Edison bulbs. Four bulbs broken.,Damaged,9.50,64.99,,https://example.com/lots/100018,,5/6/2026,Northside Auctions,Detroit MI,5/2/2026 - 5/5/2026,Outdoor,"Patio, Lighting","summer, spring, lights",Summer,2
100019,Keurig K-Elite Coffee Maker,Descaled and tested. Water reservoir lid cracked.,Used,37.00,189.99,109.99,https://example.com/lots/100019,https://example.com/img/100019.jpg,5/6/2026,Northside Auctions,Detroit MI,5/2/2026 - 5/5/2026,Kitchen,"Small Appliances, Coffee","keurig, kitchen",All Season,1
100020,Mixed Hardware Lot,"Screws, anchors and brackets in a divided bin. Unsorted.",,4.25,,14.99,https://example.com/lots/100020,,5/6/2026,Northside Auctions,Detroit MI,5/2/2026 - 5/5/2026,Hardware,"Fasteners, Anchors","lot, unsorted, cheap",All Season,0
